{
  "project_info": {
    "project_number": "673353311538",
    "project_id": "multitool-9d526",
    "storage_bucket": "multitool-9d526.appspot.com"
  },
  "client": [
    {
      "client_info": {
        "mobilesdk_app_id": "1:673353311538:android:6b578a935d89888cf6e32b",
        "android_client_info": {
          "package_name": "com.example.utilityapp"
        }
      },
      "oauth_client": [
        {
          "client_id": "673353311538-97t1bnm16c0h8rfc270brtjsn655vesl.apps.googleusercontent.com",
          "client_type": 3
        }
      ],
      "api_key": [
        {
          "current_key": "AIzaSyBRWtodEQlEWOzTckzRxOxXRruIBZB8hk0"
        }
      ],
      "services": {
        "appinvite_service": {
          "other_platform_oauth_client": [
            {
              "client_id": "673353311538-97t1bnm16c0h8rfc270brtjsn655vesl.apps.googleusercontent.com",
              "client_type": 3
            }
          ]
        }
      }
    }
  ],
  "configuration_version": "1"
}